{"mean":{"confidence_interval":{"confidence_level":0.95,"lower_bound":0.0033882345676259085,"upper_bound":0.007909081859877865},"point_estimate":0.00562206493378592,"standard_error":0.001153839342844669},"median":{"confidence_interval":{"confidence_level":0.95,"lower_bound":0.00014334181671249446,"upper_bound":0.00895581808331336},"point_estimate":0.0034955551610196256,"standard_error":0.0021344031796313788}}