{"mean":{"confidence_interval":{"confidence_level":0.95,"lower_bound":0.279304679061981,"upper_bound":0.28047258046250034},"point_estimate":0.27988723740537125,"standard_error":0.00029735171490404526},"median":{"confidence_interval":{"confidence_level":0.95,"lower_bound":0.2791949337420293,"upper_bound":0.2805538669046332},"point_estimate":0.2799048966138863,"standard_error":0.0004087328510204693},"median_abs_dev":{"confidence_interval":{"confidence_level":0.95,"lower_bound":0.0018534561813555832,"upper_bound":0.00424781312444984},"point_estimate":0.0030475489623271105,"standard_error":0.00057119895059859},"slope":{"confidence_interval":{"confidence_level":0.95,"lower_bound":0.2788833633265389,"upper_bound":0.2803230770134808},"point_estimate":0.27959022034033354,"standard_error":0.0003686422673102917},"std_dev":{"confidence_interval":{"confidence_level":0.95,"lower_bound":0.00258936245282352,"upper_bound":0.0033739988884196126},"point_estimate":0.003008483252492019,"standard_error":0.00020122517255041268}}