{"mean":{"confidence_interval":{"confidence_level":0.95,"lower_bound":0.027523545732517595,"upper_bound":0.03078804991750179},"point_estimate":0.029056509862030122,"standard_error":0.0008395645022504615},"median":{"confidence_interval":{"confidence_level":0.95,"lower_bound":0.025877724139173663,"upper_bound":0.029964186702118978},"point_estimate":0.02799323498477424,"standard_error":0.0010273444723766874}}