{"mean":{"confidence_interval":{"confidence_level":0.95,"lower_bound":0.005486764513690035,"upper_bound":0.009582538378605801},"point_estimate":0.007330712375468007,"standard_error":0.0010466427456681587},"median":{"confidence_interval":{"confidence_level":0.95,"lower_bound":0.002978806431607417,"upper_bound":0.006649107169054647},"point_estimate":0.005070274625099236,"standard_error":0.0009723265244308497}}