{"mean":{"confidence_interval":{"confidence_level":0.95,"lower_bound":-0.0011982448846657638,"upper_bound":0.0036643925085556505},"point_estimate":0.0009419204427127958,"standard_error":0.0012310748228077267},"median":{"confidence_interval":{"confidence_level":0.95,"lower_bound":-0.0016093239259213472,"upper_bound":0.0018339354470120472},"point_estimate":0.0001392542806788466,"standard_error":0.000945869331900053}}