{"mean":{"confidence_interval":{"confidence_level":0.95,"lower_bound":-0.028933524894000532,"upper_bound":-0.02435805298634268},"point_estimate":-0.026704069358184812,"standard_error":0.0011754498679753113},"median":{"confidence_interval":{"confidence_level":0.95,"lower_bound":-0.02781343971971284,"upper_bound":-0.02319507325540726},"point_estimate":-0.025788122690534876,"standard_error":0.0011595328564788883}}